,identity,ll_0,ll_1,ll_2,ll_rf_0,ll_rf_1,ll_rf_2
0,2.407407407407408,2.5925925925925926,2.5185185185185186,2.574074074074074,2.6481481481481484,2.5925925925925926,2.611111111111111
