,identity,rf_0,rf_1,rf_2,rf_3,ll_rf_0,ll_rf_1,ll_rf_2
0,4.009259259259259,4.222222222222222,4.231481481481481,4.12037037037037,4.314814814814815,4.083333333333333,4.064814814814814,4.0740740740740735
