,identity,ll_0,ll_1,ll_2,ll_rf_0,ll_rf_1,ll_rf_2
0,2.9907407407407405,2.990740740740741,3.0,2.990740740740741,2.925925925925926,2.9629629629629632,2.9351851851851856
