,level,identity,ll_0,ll_1,ll_2,ll_rf_0,ll_rf_1,ll_rf_2
0,A1,3.0,3.0,3.0,3.0,3.0,2.9444444444444446,2.9444444444444446
1,A2,3.0,3.0,3.0,3.0,2.777777777777778,3.0,3.0
2,B1,2.9444444444444446,3.0,3.0,3.0,2.8888888888888893,3.0,3.0
3,B2,3.0,3.0,3.0,3.0,3.0,3.0,2.8333333333333335
4,C1,3.0,3.0,3.0,3.0,2.9444444444444446,3.0,2.9444444444444446
5,C2,3.0,2.9444444444444446,3.0,2.9444444444444446,2.9444444444444446,2.8333333333333335,2.8888888888888893
