,identity,rf_0,rf_1,rf_2,rf_3,ll_rf_0,ll_rf_1,ll_rf_2
0,4.018518518518518,4.138888888888889,4.1759259259259265,4.175925925925926,4.444444444444444,3.981481481481482,3.796296296296296,3.925925925925926
